x,y,label,set
1.4574307176556058,0.9028114936603053,1.0,train
1.010407106854814,0.9150667647794768,1.0,train
1.3028868747039422,1.7003088732368354,1.0,train
0.44919213813863645,2.124272316720363,1.0,train
0.9607969267683156,1.9491958583001414,1.0,train
0.056732359042988637,-0.036798042177732096,0.0,train
0.35684443103753616,0.7064549944567072,1.0,train
-0.36803172463181183,-0.3416843725040854,0.0,train
0.584943442116324,-0.4009037671883114,0.0,train
-0.5670042975152171,-0.29912494596411554,0.0,train
1.482255245929966,1.1650799240369585,1.0,train
-0.16644425961801407,-0.29387157473921294,0.0,train
1.0051983538504512,1.3149698132535368,1.0,train
-0.205202491770604,-0.1839521290337787,0.0,train
0.6647266677388964,1.1661228962039654,1.0,train
-0.32592507899889794,-0.4850753800337627,0.0,train
0.10892047625379885,0.15683010111891907,0.0,train
0.692335878299943,-0.23025931320062934,0.0,train
0.942725312798972,1.3069725166787083,1.0,train
-0.3296158587282498,0.45958556971848086,0.0,train
-0.4597908432642209,0.010536878754156003,0.0,train
0.901539957033663,1.4668925617474164,1.0,train
-0.04838077191111548,0.03159896920291114,0.0,train
1.2072229064948015,1.3838469249131302,1.0,train
0.7284831257088611,1.6185708169620103,1.0,train
1.3825125549990087,1.2464770331726043,1.0,train
0.10721930452355936,0.0629205015194025,0.0,train
-0.6266429596683566,-0.444412169309208,0.0,train
0.9270588582183287,0.4200762151190498,1.0,train
0.695865849709249,-0.011360309037656283,0.0,train
-0.392508740065785,-0.45205302234077266,0.0,train
-0.32231784335508584,-0.0076776345444186595,0.0,train
0.4004180131321267,-0.16755971328365707,0.0,train
0.47043268207487304,-0.24240792742772396,0.0,train
-0.07889055786917686,0.28349802071740937,0.0,train
1.3028108866697563,0.5858583112115121,1.0,train
1.483827211804321,1.5655282734897988,1.0,train
1.0507078789522066,1.3276593242848729,1.0,train
1.3580344038087657,1.600832344568848,1.0,train
-0.3135662256465199,-0.4224503450319058,0.0,train
-0.34125205839876754,-0.7217853055236457,0.0,train
0.7087452963630332,0.5188148074129112,0.0,train
1.0841498847558482,0.8935061432717388,1.0,train
-0.09572460747352568,-0.4316654187049273,0.0,train
0.8348617642862656,0.6059721554076644,1.0,train
1.2246130101424015,0.19210014509926754,1.0,train
-0.2793560073034718,0.11091051974584666,0.0,train
-0.6278012993448436,0.4199346315622634,0.0,train
0.8341110387159635,-0.390149107153189,0.0,train
1.7973407231229608,1.054789751570629,1.0,train
0.7578369012604571,1.2350319799847813,1.0,train
1.388229273380789,-0.06891613934001861,1.0,train
-0.05394558391718231,0.22083521665729863,0.0,train
1.1288068893006395,1.0519775108210367,1.0,train
0.28035640325799827,0.03758729575050936,0.0,train
0.26640456833512055,0.08461056417035871,0.0,train
0.5988763344082233,0.12008927887517115,0.0,train
0.954324515954473,1.154945330966867,1.0,train
-0.5362554128502237,-0.23455087225750054,0.0,train
0.4284504889658986,-0.13197336878628474,0.0,train
0.666490663652415,-0.08024970161473033,1.0,train
-0.6670944384334976,-0.4692263633086362,0.0,train
1.0707978749396176,0.3431954171181709,1.0,train
0.6998915705911435,1.0294768840480224,1.0,train
0.9905117511081729,1.3614094823944138,1.0,train
0.4425229740988701,1.5769752148324412,1.0,train
1.3867148374101579,1.2904420402183427,1.0,train
0.502702478208278,0.36384282149487085,0.0,train
1.0133403474639118,1.3307002171783733,1.0,train
-0.41431886641798615,-0.2655362102904331,0.0,train
0.5888310688675046,1.066794053117661,1.0,train
-0.00267753190923577,-0.7137314081272602,0.0,train
0.6704111343784975,1.2002750532627722,1.0,train
1.0459505097080872,0.6260292475384974,1.0,train
0.624948996753595,1.7117858442048548,1.0,train
2.1379713468502297,1.5075951557636968,1.0,train
0.7361883385958732,1.2388221515313913,1.0,train
1.2366178920368238,0.9748863966928198,1.0,train
-0.4003621422108019,-0.46795857328421314,0.0,train
1.0226354415780172,0.8826557319966106,1.0,train
0.856360546596801,1.2451274761123543,1.0,train
1.2707006980571705,1.1938272404364016,1.0,train
0.47610033066257873,0.29474762061838156,0.0,train
-0.010069136115340943,0.30064139842926857,0.0,train
1.0238687176707286,0.37206284765079634,1.0,train
0.9730617622525715,1.9735237256962703,1.0,train
1.1919742580010653,1.1210773205195173,1.0,train
0.077942544934053,-0.23665031025566485,0.0,train
0.7807067197330023,0.8243311293861942,1.0,train
0.6231469286278217,0.5089591634405357,1.0,train
-0.40104312249065077,-0.07540062752246393,0.0,train
1.481223248572633,0.9265080040390926,1.0,train
0.5359498506673417,1.7269589510990042,1.0,train
0.2860827591834365,-0.06636083131964175,0.0,train
1.0728386075213547,1.4618245279479847,1.0,train
0.8273318457248651,-0.1418710404760027,0.0,train
1.2087198399605794,1.4071537339797753,1.0,train
-1.045879579501337,-0.02102326170994515,0.0,train
0.18678469924310853,-0.3217418031380909,0.0,train
-0.8130790684533744,0.23771075751528323,0.0,train
0.3990739972813846,1.1594948561134586,1.0,train
0.9804064183956834,0.06697117777996986,1.0,train
0.8771850870321084,0.4765983710435323,1.0,train
0.7026156083602049,0.49909911298787524,1.0,train
-0.007100925865491693,-0.03575957350693511,0.0,train
-0.3537674200034991,-0.0684021682487342,0.0,train
-0.19300859728222125,0.04115561469671644,0.0,train
1.087718306235357,0.5079797684932092,1.0,train
0.2609775044447489,-0.31066366948321217,0.0,train
0.9077957947897297,0.5649878965009483,1.0,train
1.0602616814877066,0.9650568420283014,1.0,train
0.028555618134759164,0.5727332357831458,0.0,train
-0.21168468832694418,0.03137685142997279,0.0,train
-0.45423662419947947,-0.2633846289408543,0.0,train
0.09512945635390756,0.25905584375317675,0.0,train
0.8405760668359991,1.1212440532220667,1.0,train
0.9624307609651238,1.2610728706894068,1.0,train
0.6885068936033772,0.3430665564058548,0.0,train
1.2108984313157856,0.40824931323214475,1.0,train
1.617186403904975,2.504999886442482,1.0,train
0.6129771574973586,1.419151985373069,1.0,train
0.567233767198737,-0.3892116211835393,0.0,train
1.6410891526768805,0.5532267645312341,1.0,train
0.5790811337317864,0.046649884301418955,0.0,train
-0.5867683877972374,-0.09126075745573904,0.0,train
1.2077850122588434,0.7967744127473675,1.0,train
1.0363731161855299,1.4646712395403354,1.0,train
1.40725250661464,1.340659916038281,1.0,train
1.1171712291011722,1.5088552742634884,1.0,train
0.6175113481908197,0.32027782530552523,0.0,train
1.1281631302253574,1.540131906805903,1.0,train
1.1498418632969198,0.12142838059594038,0.0,train
0.5867238007000011,0.4929702836076806,1.0,train
1.1138479337712488,0.9651501665569523,1.0,train
-0.3179841641554604,0.08158180217561564,0.0,train
-0.2405301883538362,0.08240457156005963,0.0,train
-0.15810775264101715,-0.19900799853932669,0.0,train
0.8989373669057743,0.7541983037014923,1.0,train
0.9734175049610442,0.8545917176551671,1.0,train
1.1786930596003475,1.2669198521545062,1.0,train
-0.7168654917274982,-0.522804164793139,0.0,train
-0.8369006012346286,0.07025949682716004,0.0,train
1.2242386971055905,1.5894011482374233,1.0,train
0.03694214221332929,0.2526755456345123,0.0,train
0.3707648599737518,-0.05262554235971725,0.0,train
0.7510568256392967,1.6285840091411163,1.0,train
1.188730092234109,0.7272318801270314,1.0,train
-0.47176850395511455,0.09473715964934408,0.0,train
-1.0926069245024814,-0.6488345892951946,0.0,train
1.117426375327222,1.0749022216198503,1.0,train
0.7858184672279138,0.7054817096804749,1.0,train
0.9887292974589794,0.9796795954572056,1.0,train
0.371974250211533,-0.16393779088565488,0.0,train
1.1171260716954057,0.44474379828239496,1.0,train
-0.3104156017655022,-0.4607208742079128,0.0,train
1.3238340535451432,0.5574673117279286,1.0,train
1.1584667526466834,1.1039322400774902,1.0,train
-0.4858849852773176,-0.10034692698984553,0.0,train
-0.5324699554824661,-0.17625365978853194,0.0,train
0.453875974999932,-0.11704250151327024,0.0,train
0.8711666189098245,1.310577340314204,1.0,train
0.9434678708514846,1.77898934544799,1.0,train
1.3889138931779086,0.7137566321498284,1.0,train
1.1905975092519627,1.5178572335755027,1.0,train
-1.072694992622219,0.24082714939329114,0.0,train
-0.44056750102546394,0.25436030469496806,0.0,train
-0.3699022079996582,-0.07560919446626145,0.0,train
-0.14693728579901302,0.1633041961295205,0.0,train
0.7555526283035734,1.2909063941171663,1.0,train
0.6748663294269631,1.9366552254182232,1.0,train
1.1202830900474994,1.2481588901290956,1.0,train
-0.014807998670825887,-0.22536865266541145,0.0,train
0.20043847451873642,-0.37252061976926565,0.0,train
-0.031523752709267175,0.5218986679468793,0.0,train
0.954896596640652,0.4213288816730236,1.0,train
0.4637354578923797,0.681450686415596,1.0,train
-0.1583156110476482,0.16285030789489097,0.0,train
0.42603920167326936,0.7637103362189983,1.0,train
0.5568398327784292,0.25374205428660546,1.0,train
-0.2570930551252964,0.4104764646515226,0.0,train
-0.3947966649723416,0.4527982666484863,0.0,train
0.6379063284302502,2.4593766374060086,1.0,train
0.6182453967875552,0.1115192427662157,0.0,train
0.588510443874669,-0.3776424875393082,0.0,train
0.9480644954249013,0.5871543467159088,1.0,train
0.6301756628414867,0.39180569875502236,1.0,train
0.6532156901464741,0.7964742933596294,1.0,train
0.11167686711428804,0.10098647975997117,0.0,train
0.6817922300335995,1.010921255265334,1.0,train
0.24420407159398597,-0.6412901376194123,0.0,train
0.8137734123692572,1.5262284753172661,1.0,train
0.6762836446476006,2.307302633965966,1.0,train
-0.5066913747123774,-0.06499494575587178,0.0,train
0.5431732689051382,-0.569262912224822,0.0,train
0.062161099594300204,-0.06460789630906279,0.0,train
1.288029320132003,1.2734229562077823,1.0,train
-0.8083159689149001,-0.04048225229364795,0.0,train
-0.13229957706228906,0.16334450801277264,0.0,train
0.1818373056639216,0.002764110871862764,0.0,train
-0.0878510342763014,-0.20498848110469534,0.0,train
0.9679901234974636,1.2391289308664455,1.0,train
0.32484765767061224,0.3410630822958007,0.0,train
0.2975011302745971,1.3114141748547348,1.0,train
0.4665160914036973,0.06796958935292603,0.0,train
0.8001502662316614,0.811049385492106,1.0,train
0.7041852260738697,1.4648329892038867,1.0,train
0.9439883995498882,1.615709114204799,1.0,train
-0.588925718374316,-0.5239308149387226,0.0,train
1.5248339073929034,1.123777650082738,1.0,train
0.05978437577274071,-0.4995017033511604,0.0,train
-0.1821844450229199,-0.06292037855614994,0.0,train
-0.3877270118854595,0.05179519370553883,0.0,train
0.9042438568247424,1.3739628561416135,1.0,train
-0.49782660231525383,-0.5901506985002285,0.0,train
0.05461096208306199,0.0650048324423849,0.0,train
0.05148697740306198,0.0937080677652952,0.0,train
-0.2853377187288465,0.3319767262535244,0.0,train
-0.23096858569187398,0.008736628212318933,0.0,train
-0.11391950200574741,-0.41048897248645005,0.0,train
-0.8538355154793729,0.4421253462463101,0.0,train
0.7966602830752002,1.314356449002065,1.0,train
0.9610581355674573,1.2531104510045312,1.0,train
0.9574654962341879,0.7008909745800489,1.0,train
1.083363365341438,1.1897477683086757,1.0,train
0.9314160570262522,1.5274916900089537,1.0,train
1.2082429944579545,0.5361594412103097,1.0,train
-0.5209459155402175,-0.2108932591462036,0.0,train
0.9050594558284738,0.2586824928254272,1.0,train
-0.7763743458228898,0.329947654992614,0.0,train
1.2031745957339328,1.318210562134665,1.0,train
0.940024919201497,0.5493893025091923,1.0,train
0.8902396879497715,0.2603444058619491,0.0,train
0.7171974115820192,0.49193671469353584,1.0,train
1.3096722835173533,0.7899076308243511,1.0,train
1.1026213671066922,1.2112744708187722,1.0,train
0.5601772929489148,-0.5860079228089605,0.0,train
1.095509136098783,1.3818676963794132,1.0,train
0.9880730495330514,1.1319894006016804,1.0,train
1.2753020250009581,0.8488179637034109,1.0,train
0.35126390396425256,0.13310574653412344,0.0,train
1.0821775968793415,1.717529253326083,1.0,train
0.9517808327302124,1.2071045675283296,1.0,train
0.06008541207968594,0.3377814092105413,0.0,train
0.9483811901073893,1.4187841101187764,1.0,train
1.339780469217436,1.5960027552917686,1.0,train
1.280590529490342,1.3592919571328705,1.0,train
-0.09885903100209441,-0.13619014790257308,0.0,train
0.7993921620348053,2.210345120735439,1.0,train
0.7989110362865263,1.4895777198307463,1.0,train
0.8946428989456211,1.3766801204875032,1.0,train
0.2782591419397219,-0.6517309817205608,0.0,train
-0.746237747582147,0.3913910018055058,0.0,train
-0.2401877647231792,0.38297169695780336,0.0,train
0.8755559697023245,1.0342913056404186,1.0,train
0.9737517544103231,1.2417142848403924,1.0,train
0.3470264167575632,-0.4002765961055295,0.0,train
0.6907607818528259,-0.03892381477833383,0.0,train
1.093839289549148,0.42817002757356437,1.0,train
0.829729498604082,0.7752662281258569,1.0,train
1.1441281561192054,1.6576291005094834,1.0,train
0.5222025086863203,1.1117159162293342,1.0,train
1.9255886630215735,1.829509604078467,1.0,train
-0.1819186392824873,-0.39290499214928976,0.0,train
0.9939381195717758,1.186718542522606,1.0,train
0.43280084633137444,0.2770494017255514,0.0,train
1.1141230140908396,-0.1392756687464074,1.0,train
-0.28010435590227856,0.44074870817667855,0.0,train
1.1930443743367487,1.082666892780786,1.0,train
0.04046714454870017,0.6003886776637533,0.0,train
0.3828883917492958,0.1059543657864153,0.0,train
1.0673584751542917,1.2102630311580127,1.0,train
-0.6832261650175646,-0.022106872727790803,0.0,train
0.10704816582514866,-0.21198217817377107,0.0,train
1.0395743784584104,0.17921148354319283,1.0,train
1.066206508382987,0.718888861402845,1.0,train
0.8912012170310271,1.3477920956352172,1.0,train
0.6461651280374231,1.2952264457458333,1.0,train
1.0237388623445551,0.057844992434247566,1.0,train
0.6777977737648844,0.7824236240642506,1.0,train
1.4762990434739365,0.6291122190307261,1.0,train
0.6292533997790257,1.592058188735308,1.0,train
-0.28791951960333184,-0.12902485679174402,0.0,train
0.384892583259717,-0.02125316245195456,0.0,train
-0.7570086095308203,0.375147991269734,0.0,train
0.40760629841603985,-0.24383051958411006,0.0,train
1.3201217294996006,1.4771804409031228,1.0,train
0.6967856371869116,1.5943558346295537,1.0,train
1.1531893774174997,0.8765432439426285,1.0,train
0.3793230995839626,-0.06742568563096607,0.0,train
-0.45984292581958097,-0.08493407331756224,0.0,train
0.9991409065145855,1.1950035103824117,1.0,train
0.8765938147766951,1.0975390494203727,1.0,train
1.1162536925002886,0.46592877984162906,1.0,train
1.2125321804645408,0.7095673186449454,1.0,train
1.411812834195271,0.2986692417006622,1.0,train
-0.3162830058671693,-0.40295860921433074,0.0,train
1.1121930295777491,0.9992790145863609,1.0,train
0.8223179825423337,0.2915440720142174,1.0,train
1.6352194879287336,1.8341433866674504,1.0,train
0.10797118608132189,0.2400451006774269,0.0,train
0.37637773300354643,-0.11845595556443324,0.0,train
1.2159045781745714,0.7343964999721924,1.0,train
0.9085151377974594,0.25871333073432445,1.0,train
0.42579611269490003,1.4348804286079317,1.0,train
0.919595929201135,0.4798210893776743,1.0,train
-0.765096505915989,-0.18694501316499443,0.0,train
0.23989092986812094,-0.1190035904290109,0.0,train
-0.04858440616189213,0.2911131943198224,0.0,train
0.4203669394310952,0.01976700607821635,0.0,train
1.4381801014681335,1.7011259707363537,1.0,train
-0.11863032236398507,0.20446170611437578,0.0,train
0.31309847347387254,0.1533104976767813,0.0,train
0.38002651551688793,-0.24543905193893018,0.0,train
-0.1970091980562197,0.11570978401034478,0.0,train
1.1497698238342782,1.2275285930064064,1.0,train
1.29010735180176,1.8453887119318777,1.0,train
0.8710841242017668,0.1614086849775319,1.0,train
0.9617609926318511,0.5548695163849292,1.0,train
1.9658051725042829,1.2472388685820444,1.0,train
1.6039699804538445,0.8206487078259821,1.0,train
0.6916066081216685,1.3994205939280067,1.0,train
-0.7621655314576145,-0.38724980545046084,0.0,train
0.7671805698809825,0.8124052108610574,1.0,train
0.09624884746070139,0.05635895221318106,0.0,train
1.065952473577719,1.006246467128803,1.0,train
-0.2247036553448942,-0.0966763809330906,0.0,train
0.8867468658531338,1.2359368149680436,1.0,train
1.4573209700231342,1.018600395318973,1.0,train
0.7792294616699862,1.581644797834004,1.0,train
0.7458727642127809,1.2650836720741028,1.0,train
0.9251790699381574,0.16250892274516826,1.0,train
-0.07638132351481179,0.27771355425351024,0.0,train
0.9718511531172767,1.3432654864401283,1.0,train
0.9106969910157963,0.6438558525912688,1.0,train
0.658536159942563,0.13440531790828958,1.0,train
0.7362301633901365,0.633250455589563,1.0,train
1.1279852954001464,1.2668955409732034,1.0,train
0.33556745129429255,-0.05551313664553442,0.0,train
1.0100335098693298,1.2597740929760108,1.0,train
1.2775503008402795,1.1168335793092385,1.0,train
1.1800998324700591,0.9157340703215731,1.0,train
0.7492379690904468,1.4804114729132292,1.0,train
-0.5558632718674295,-0.3102699119660632,0.0,train
0.9865188780972423,1.3279369809712747,1.0,train
0.4178631759118765,0.7980057977959419,1.0,train
0.8395262736604936,1.22977083237208,1.0,train
0.9515249550786734,0.13170277695948873,1.0,train
0.7096728165058079,0.1625461733641339,0.0,train
1.2979981861203613,1.456358029489385,1.0,train
-0.0845896915255262,-0.3982607644991584,0.0,train
1.3481098589374874,1.721050385791925,1.0,train
0.1948402616502047,0.009347051285202601,0.0,train
1.116759667885663,1.1447329476465589,1.0,train
0.4295250655011552,0.6669585817966315,1.0,train
-0.7966978063319569,-0.14451092208010208,0.0,train
-0.09654231730297883,0.35075422970838965,0.0,train
-1.117646503941521,-0.05537933486576042,0.0,train
-0.05556361395363889,0.4066066534794727,0.0,train
0.9136581369685617,0.7117659883941265,1.0,train
1.1774582537670493,0.45567516146874354,1.0,train
1.2305119066250307,1.4547882575131936,1.0,train
0.525370051536882,0.8811376635106806,1.0,train
0.6822598500595166,0.6291792601768521,1.0,train
0.3047194392280539,0.029942011376806937,0.0,train
0.87136346371524,0.0026184579767208893,1.0,train
-0.3517392349863864,0.1621115942072996,0.0,train
-0.06910397582258676,-0.7496281846521389,0.0,train
-0.49050146852521354,0.5572960001187189,0.0,train
-0.26848956476171515,-0.01950441373513816,0.0,train
0.95142180116585,1.3159323867298796,1.0,train
-0.9801039843341913,-0.31339413107754516,0.0,train
1.2687725423471037,0.9882188320391236,1.0,train
1.1744461462697726,1.9449049155199034,1.0,train
1.8545233256281612,-0.21877676761927403,0.0,train
-0.5406298403499346,-0.6743843943830844,0.0,train
0.027846759268550115,-0.22063224077710966,0.0,train
1.2542286881839153,1.7338451102450716,1.0,train
0.9654549662874504,0.6115555861991147,1.0,train
0.9130204539814464,1.0191152361617641,1.0,train
0.08490387780444912,-0.025504718601863142,0.0,train
0.059003291611923525,-0.2518477072050843,0.0,train
-0.16008833393797947,0.11560005876778448,0.0,train
-0.29370617255607573,0.21917996422379843,0.0,train
1.129877731941237,0.9520932689802465,1.0,train
0.15766339594751536,-0.16053286741743322,0.0,train
-0.6457236948565378,0.07176512167696393,0.0,train
0.23975510702179192,0.290040109222867,0.0,train
1.0560949277608471,0.2442654243190504,0.0,train
-1.19707206594752,-0.3003520152668316,0.0,train
1.2106773453804767,1.089446342166027,1.0,train
0.34111424134858137,0.07069837895901497,0.0,train
1.0754002022688214,0.6452313448342304,1.0,train
0.2565955761724632,-0.4479420721672895,0.0,train
0.730604299267161,1.2501423299499754,1.0,train
0.4474325485321812,1.7137111060558867,1.0,train
-0.01689448085336678,0.1241266107790668,0.0,train
1.5316589127952398,0.6115282899254249,1.0,train
-1.2219012388130215,-0.1311005810028814,0.0,train
-0.22415198687591179,0.10373790192020595,0.0,train
-0.9823508370359868,0.08645611826540121,0.0,train
0.3334618075120445,0.06909784941093808,0.0,train
1.3653993389328254,0.039461267043423454,1.0,train
-0.4631565939465953,-0.029027646719704474,0.0,train
-0.7774142843034407,0.502524087973871,0.0,train
1.0741547095103652,0.352038723728217,1.0,train
1.0928999879011703,1.6680988214985701,1.0,train
-0.32844333545341614,-0.3444291213567105,0.0,train
0.4609966009561166,1.8820256014988341,1.0,train
1.87277902573455,0.3909491871769677,1.0,train
0.8556123754082842,0.9271904014850023,1.0,train
0.4192943833497027,-0.5464889325460178,0.0,train
0.9579506388542431,0.6845824476220128,1.0,train
0.6403612542822972,0.1761966532503484,1.0,train
1.4484634133533911,0.9177787989951426,1.0,train
0.633101809908602,0.14190578161535178,0.0,train
0.7123058474256353,0.476496159410217,0.0,train
0.03505867932980472,0.0520897993298503,0.0,train
1.3275096305134413,0.6818078375880297,1.0,train
-0.0054719455977128816,0.10740033500727902,0.0,train
1.4990392025171746,-0.02491818414407798,1.0,train
-0.16091214212435076,-0.09254496001166805,0.0,train
-0.5087807717214323,0.11287821213901233,0.0,train
1.0839331657278737,-0.13730727497362852,0.0,train
0.1381115426679285,-0.0813917899010854,0.0,train
1.3905781748883854,0.9057331613709321,1.0,train
0.24883043900819746,-0.17945376034116317,0.0,train
1.166700029794763,0.781207905980599,1.0,train
0.27831600954154384,0.2270198630816542,0.0,train
-0.58636110390385,0.36471477945363123,0.0,train
0.02457002157184908,0.3449016958278091,0.0,train
0.037579723173326335,-0.4816349955280509,0.0,train
1.0706616913600822,1.445989471701433,1.0,train
0.25977871498665495,1.2174058501577096,1.0,train
0.144388981982711,-0.1617926407138257,1.0,train
-0.12228623329253491,-0.013104410460247863,0.0,train
0.8285782520342984,1.3723156188783696,1.0,train
0.9731744465669333,1.0792218523970265,1.0,train
-0.46827402804926466,0.05081898078829331,0.0,train
0.8012532743477871,1.1712923552820806,1.0,train
0.3163996622876515,0.18247960943658817,0.0,train
0.5620604409286969,-0.11942348905857314,0.0,train
0.5961676841384591,0.905197030769365,1.0,train
0.2540176790296608,0.4550268174121581,0.0,train
-0.2532970534065207,-0.15019293188067528,0.0,train
0.151567779781771,-0.3405369014333153,0.0,train
-0.09120490523620774,-0.17774034803108127,0.0,train
-0.43846866946912705,-0.03911976159446971,0.0,train
-0.3510873559504777,-0.02140837824857645,0.0,train
0.27316065697306524,0.1080435203125333,0.0,train
0.8036144234212448,0.7841100487760858,1.0,train
-0.16579400632264663,-0.42615201848447265,0.0,train
-0.1225239881080219,-0.39010336092588094,0.0,train
1.0397805689746535,1.1182761176538745,1.0,train
0.548064244987499,-0.138601160710058,0.0,train
0.12916071699593565,0.20394297679560566,0.0,train
0.718721390818782,1.0667791855270545,1.0,train
0.12500933393713015,-0.024521805384874713,0.0,train
0.4659529264053647,1.327225794875476,1.0,train
0.017429876499248206,-0.23054994356984787,0.0,train
1.154801180468465,-0.6638998431420138,1.0,train
-0.570325163496351,-0.11828613041701873,0.0,train
-0.16450745231607644,0.14020890005613096,0.0,train
1.086870384003632,1.8409965916541924,1.0,train
1.4306359709527092,0.4501333518677525,1.0,train
0.690438702885738,1.373772261616974,1.0,train
0.9767928536959841,0.23646894468084934,1.0,train
-0.12886431166360546,0.1318575718684785,0.0,train
0.47880583585643205,-0.18026925673155297,0.0,train
-0.5533694206853641,-0.015372223309541579,0.0,train
0.28410145270624765,-0.1728680862957112,0.0,train
0.6064334675430885,0.6812541891667907,1.0,train
-0.30146078877300553,0.24780661411451282,0.0,train
0.5282812376667916,0.3114616893848034,0.0,train
0.7798198054028722,0.9863208655885665,1.0,train
1.330425197496787,1.8099615800036104,1.0,train
1.361539316577983,0.6476344681519,1.0,train
0.7573479207992,1.0401794472323354,1.0,train
-0.6054091856723087,-0.2538040206777871,0.0,train
0.8078038993310829,1.4194515172573043,1.0,train
-0.08146962958196922,0.05035223007384522,0.0,train
1.1082963802708399,0.986129889266669,1.0,train
1.198613309610989,1.6326210467763893,1.0,train
0.817876697635194,0.515032360656565,1.0,train
0.1439138357127659,0.27454306281053575,0.0,train
1.3608715697069722,0.8201174657407818,1.0,train
0.3168812254029307,-0.23402582932139893,0.0,train
0.8560526253774129,1.0168022022579228,1.0,train
0.7767382876959776,0.7677007876235319,1.0,train
0.32038248055482244,0.9925507751828253,1.0,train
-0.6534303433418714,-0.010201137763939086,0.0,train
0.09665153098995616,-0.22503200938052226,0.0,train
1.418539769707512,1.09849413407278,1.0,train
0.6669266183363156,0.08245211739161028,0.0,train
0.6732032634104197,0.9100743899788437,1.0,train
1.669944163083484,0.7866905826302167,1.0,train
1.3017327292076566,0.5371323297436417,1.0,train
-0.34066394558429425,0.2810161089556674,0.0,train
0.36374183282567296,-0.035345859726396436,0.0,train
-0.18174190835639978,-0.597007759332073,0.0,train
-0.10780628130087495,-0.515013700898166,0.0,train
0.9033885191365842,1.6984505253554802,1.0,train
0.06355112746818571,0.18673391074164453,0.0,train
-0.10435089140082754,1.8486879140985164,1.0,train
1.285978267644536,1.4308227769745563,1.0,train
-0.542231755662609,-0.4746305445084736,0.0,train
0.5507521131472841,-0.13673221671286134,0.0,train
0.96162218657861,0.39017815348180807,1.0,train
0.19314970725138703,-0.1523162977376741,0.0,train
1.299983315675651,0.5480499618273058,1.0,train
0.838719742034427,0.5298353259105846,1.0,train
-0.3812608395817535,-0.05189982486592493,0.0,train
0.975558104052589,0.6925027290872865,1.0,train
-0.6856182692855123,0.02420199217501726,0.0,train
-0.27102958197511895,0.12968642936404545,0.0,train
-0.25333687516107734,0.03136302088946735,0.0,train
1.4032316897381234,0.7935601973190585,1.0,train
0.2381834643872906,0.32258416429255815,0.0,train
-0.16364148226398506,-0.38485082150194955,0.0,train
0.9305420113403959,0.5109905460568384,1.0,train
0.6950652760912821,-0.46753887849268594,0.0,train
1.0979135829520337,1.9208661441501795,1.0,train
-0.1355006128625014,-0.061035507863241176,0.0,train
-0.49503834605626285,-0.5716660788307371,0.0,train
0.8290939709712505,0.8616704331488994,1.0,train
1.3651369220811367,1.4415900455557116,1.0,train
1.0882470274817448,1.3060742502173692,1.0,train
-0.2643285375705524,0.3688410829866004,0.0,train
-0.7378083042147712,0.998944327658597,0.0,train
1.0837331195519484,1.7076141381206065,1.0,train
0.49717553307462004,1.9064867646925796,1.0,train
-0.6443194221674624,0.1848286690063559,0.0,train
0.13697151722388534,-0.05582319494314195,0.0,train
-0.3847175082674729,-0.2357603278672547,0.0,train
-0.4066621604718656,-0.3958259511919304,0.0,train
0.18712395492444917,0.48832207799005456,0.0,train
0.6100712594066521,0.47189325358404716,0.0,train
0.5285152819011322,-0.027019992967659518,0.0,train
0.9733647198985206,1.7039236556170463,1.0,train
1.330442034106671,0.22944004086073988,1.0,train
0.16723165895604603,-0.3985348388328805,0.0,train
0.17939696459707272,0.05783412344356881,0.0,train
1.1847949904298494,1.8976009156529243,1.0,train
-0.08958910773840283,-0.1868830811513529,0.0,train
1.2029294008475642,1.2702897882673898,1.0,train
1.1559111430099192,1.14343908178077,1.0,train
-0.14541396355831085,-0.14606483683917748,0.0,train
-0.10766466684283574,-0.13066036408873222,0.0,train
-0.2382491313830748,0.33752248899874787,0.0,train
-0.9755345187126155,-0.2153450739574721,0.0,train
0.008638095871821263,-0.5460244156465917,0.0,train
0.8543721004069487,1.1892222916569488,1.0,train
1.225034162319894,0.7206572263234596,1.0,train
-0.41187829649602803,0.036632574149096694,0.0,train
0.8757452597698395,1.0895222240599298,1.0,train
-0.41938158341374854,0.21830258458143423,0.0,train
0.2563617585717538,0.3365295966655167,0.0,train
0.02478385541945247,0.5645181289122042,0.0,train
1.0850454280039865,0.688513491362201,1.0,train
0.03947098133842233,-0.42599738572962936,0.0,train
-0.27507713195648104,0.12129218253066028,0.0,train
1.044687017092576,1.566587705767664,1.0,train
0.6771501041673372,0.14091475931638256,0.0,train
-0.24360975602296,0.13244121719987811,0.0,train
1.136835484820732,0.797173829738103,1.0,train
0.9875072319508418,0.640768113788253,1.0,train
0.2915868152426896,0.02915633680871719,0.0,train
0.3899677898252783,-0.12315673826627818,0.0,train
-1.0895378922101895,-0.15280750486080452,0.0,train
-0.7625146787245997,0.2535341865909748,0.0,train
0.9503788580433328,0.836216408195148,1.0,train
-0.1974477300992645,-0.1685309753640253,0.0,train
-0.8234475903137205,0.44061299166012924,0.0,train
0.790667765906286,0.9181390947306163,1.0,train
0.9859916241986866,-0.15749229981705384,0.0,train
-0.18627522667300161,-0.0786941104342523,0.0,train
0.8563333402933507,1.5810078517812718,1.0,train
0.38262408200119663,-0.35923677553142186,0.0,train
1.2505522433668164,0.06740860822045303,1.0,train
0.7973593294280678,1.0531291006073522,1.0,train
-0.3835095587957229,-0.09769446955061704,0.0,train
1.0831557371889144,0.5522521689949562,1.0,train
1.323403557785461,1.6172603341466694,1.0,train
0.8601133290586895,0.17718760460655186,0.0,train
0.35547640914214557,-0.24645573736956847,0.0,train
0.3323887791837734,-0.2682827787517765,0.0,train
0.00890118933698381,-0.46830595411914266,0.0,train
-0.5597795564302536,0.22594627657564237,0.0,train
0.6828759399491322,1.4434377069854085,1.0,train
0.8614145608354893,0.8525777490981227,1.0,train
1.0529612797299717,1.0699029957422959,1.0,train
0.8849902223544776,0.47769257957437117,1.0,train
0.16814602016888447,0.41835481975889555,0.0,train
-1.2066468271835302,0.042748894588256,0.0,train
0.25359633897912537,-0.23606495732685323,0.0,train
0.22347069107688583,0.019491665724379804,0.0,train
0.8077855777843643,0.7784430958015989,1.0,train
0.5335229739479469,0.05465374164108263,0.0,train
0.028156877944377583,0.4737185447446178,0.0,train
-0.18337288115223746,-0.3533788286002178,0.0,train
0.9295548000325528,0.7152797982367962,1.0,train
1.2598054011712425,0.5763833393145696,1.0,train
0.6727540860058271,1.122085560946962,1.0,train
0.1813237019352138,0.02860531900832456,0.0,train
1.2346082526154056,1.1317762394339919,1.0,train
0.5797743845610064,0.5520200670659596,1.0,train
0.6137616388837929,0.9692770561635548,1.0,train
0.15393860642691867,0.2527530289862855,0.0,train
1.17274058174179,-0.34373947678206385,1.0,train
-0.31609100272722085,0.4638460270274284,0.0,train
0.6410241492135731,-0.011039752155581173,1.0,train
0.23084759565565072,0.09403092275819762,0.0,train
1.2240342403854372,0.213456846138804,1.0,train
-1.019261021355879,0.3794636850322889,0.0,train
-0.3169183212074599,0.2439156738403876,0.0,train
-0.3499265594993704,0.1211496335705712,0.0,train
-0.40302336041279285,-0.31444583422559996,0.0,train
0.9596102791940313,1.486436893369922,1.0,train
0.791320692476487,0.9766404041980016,1.0,train
-0.34836354941420034,0.244371912747866,0.0,train
1.2118335733494237,0.5554513626469644,1.0,train
0.65430699807916,1.194933898458382,1.0,train
-0.5400240901889756,-0.08951373003710143,0.0,train
0.15712162585100634,0.323170225704544,0.0,train
0.8370184626695879,1.0640509927668838,1.0,train
1.011689220019594,0.8954750218478535,1.0,train
0.9807272147000772,1.2670265921863257,1.0,train
-0.8570217402812976,-0.6437638124523455,0.0,train
-0.018540787229091794,0.27726283674405383,0.0,train
0.9528416893108018,0.5436890461093228,1.0,train
1.902977137378961,-0.10424398317567385,1.0,train
0.3546716077396555,0.3997825086113956,0.0,train
0.9174536306118125,1.1053761843058578,1.0,train
0.007416796127226002,-0.20104413839024407,0.0,train
0.06844237887284164,0.07800967455442356,0.0,train
-0.18432054703788694,0.3108654155026757,0.0,train
1.5966016003500205,0.9664045530183824,1.0,train
0.34134592808287384,-0.4121562920902492,0.0,train
1.1045546282397636,0.716903524661811,1.0,train
0.8376884748855395,0.5361969762864547,1.0,train
0.7514378011362299,0.29746738792789007,0.0,train
-0.5997805861696127,-0.03220351949338754,0.0,train
1.4502229633085097,0.32420473880353917,1.0,train
1.1457454008461911,1.193462035453012,1.0,train
0.7118775386465821,0.0155035703524435,0.0,train
0.9722078775687417,0.33961167567959527,1.0,train
0.7038597933387093,1.608867306174616,1.0,train
0.9004865475110326,0.08699055972917748,0.0,train
0.8890442325063638,0.40359671261277275,0.0,train
0.5629404216631182,1.2749587052938174,1.0,train
-0.2536149817688289,0.0730358788678004,0.0,train
-0.1692982598928429,-0.1550835883736353,0.0,train
1.5364976292586805,1.210289647350759,1.0,train
0.9070549010106282,1.0662910405386494,1.0,train
0.21968784503413144,-0.33383033488150654,0.0,train
0.23910454283528068,-0.08349428975487892,0.0,train
0.9867781299187867,0.7456806732911845,1.0,train
0.5927873758645877,0.249616389634162,1.0,train
0.9137391718088661,0.1699052118293576,0.0,train
1.4010735146667213,1.2437659896342692,1.0,train
-0.7215545008014418,0.17026494524609406,0.0,train
0.2771805332040993,0.017999633822231582,0.0,train
-0.7701096259844394,0.5743829049177973,0.0,train
-0.771550833116481,0.11069647139796149,0.0,train
0.36359413936017126,0.27864778931542594,0.0,train
1.2363509145515013,1.3446558370259443,1.0,train
0.22659306088038467,-0.1477227948961985,0.0,train
1.0004563336093089,0.8686736577873301,1.0,train
0.9281028214867678,1.0143574238951827,1.0,train
0.5013643177629296,1.2971485207795708,1.0,train
0.6696463350122039,1.122843390423297,1.0,train
0.6524970251015372,0.5075424283887311,1.0,train
0.38025830479703365,0.0781610763937436,0.0,train
-0.21129409776441838,0.07026844952126378,0.0,train
1.0035368493842738,0.8632054108388735,1.0,train
1.1634907921047102,0.6454063051857362,1.0,train
1.4540214924561092,1.057262856825092,1.0,train
-0.9399445823552804,0.5841679637828713,0.0,train
-0.010626694862424913,-0.028534283921630085,0.0,train
0.26588292835798877,0.14491524830591476,0.0,train
0.6631770002127426,1.0624717463159472,1.0,train
1.5914515390199144,1.3530201424390087,1.0,train
1.0820114707365551,0.322482711582027,1.0,train
0.6358263658793984,1.0219960914507993,1.0,train
-0.6660693221923795,0.06025719348924219,0.0,train
0.18607035366437918,-0.07824682432788127,0.0,train
0.9837683499097043,0.6931164908011481,1.0,train
1.234929076802592,1.5534663410271339,1.0,train
1.2694631472373332,-0.12485453247637307,0.0,train
0.6884562941822372,0.893874607994033,1.0,train
0.07838330831810708,0.42316235131704966,0.0,train
1.203307342723822,0.9437448872139426,1.0,train
-0.23403805407211245,0.23221806019294397,0.0,train
1.4313592885586905,1.9061471303137534,1.0,train
0.9207867881059718,0.7899315233258984,1.0,train
0.28693017431634815,0.07246385305856338,0.0,train
-0.4507832444521183,-0.36342104473283343,0.0,train
-0.38055039515063643,-0.12651235245720277,0.0,train
1.1718139980198687,1.68951441593329,1.0,train
0.6496627568321534,-0.23964966588337847,0.0,train
1.2800532187582774,1.3271784168571727,1.0,train
-0.16809496489467993,-0.27166598290459176,0.0,train
1.133899525318755,1.3929612019414161,1.0,train
0.983485842556476,-0.02144223833117589,0.0,train
1.442249510151964,1.3877250230610279,1.0,train
-0.6254435038675892,0.2833010617445131,0.0,train
1.0672645789008781,0.6397380922734053,1.0,train
0.8979869950289896,0.14866755216335859,1.0,train
0.9756600908113485,-0.2112792356949067,1.0,train
0.8721465249858554,1.3566651177335474,1.0,train
-0.3628078947014455,-0.04084568651547148,0.0,train
-0.3626274134507511,0.01569743762050574,0.0,train
-0.11112528295442854,-0.3021612943285796,0.0,train
0.9330021049217135,0.7953403624715233,1.0,train
1.2438050686243138,0.7173042699088902,1.0,train
0.4077936903810858,1.8370832507426624,1.0,train
0.19585565275386152,0.027189960063477982,0.0,train
1.0740885043919517,-0.040324759082535265,0.0,train
1.7876967698438566,0.8496738877467156,1.0,train
0.7759392439358799,0.25761852764549215,0.0,train
1.2987768247103388,-0.2023759604699934,0.0,train
1.0868158510275265,0.3276582375611352,1.0,train
-0.8396864571604953,-0.21490124567336066,0.0,train
0.9293798820121129,1.3773819387045338,1.0,train
0.18957185221805406,-0.2042628357367097,0.0,train
-0.4452396797597819,0.06721500925449211,0.0,train
0.20462905890267777,-0.016210431665195618,0.0,train
1.183303551175498,0.7611409443783578,1.0,train
-0.6856819459716357,-0.02349395207365385,0.0,train
0.025881351353531274,-0.2598290187261146,0.0,train
-0.09103343923172257,0.3831930736206194,0.0,train
1.0110982269845088,0.7866527932210591,1.0,train
0.3671031480558864,1.3137697334745215,1.0,train
-0.3899960156870549,0.45536358345698214,0.0,train
0.397481820053194,-0.05416348733139714,0.0,train
0.3390766731166431,-0.0628267250170937,0.0,train
0.3171805621816852,-0.33140193744140145,0.0,train
0.9321505438414658,0.22626706886952286,1.0,train
0.5816002470294704,-0.20761308908197007,0.0,train
-0.8017642897520401,0.12104498637910338,0.0,train
0.38982362586453073,0.2004282403273281,0.0,train
0.4070981273397058,-0.41316472288638195,0.0,train
0.07524765465332263,-0.07818412399391794,0.0,train
0.393446830301018,-0.04930738919029697,0.0,train
0.9681148957826695,0.4125536246310266,1.0,train
0.8301120966698605,0.44355571080548106,1.0,train
0.7970018197604921,1.4101802163016888,1.0,train
0.48631940042878197,1.2717543705690382,1.0,train
0.22795814717192095,0.4222015672884695,0.0,train
-0.01829123063416303,-0.19822039226026406,0.0,train
-0.016288362054226246,-0.04479737886385277,0.0,train
1.4009530358464488,1.4406450276119807,1.0,train
1.1004177244390703,0.4856386536936108,1.0,train
1.0398868810295028,0.9381309396698461,1.0,train
-0.6001828236386662,-0.17881273826300484,0.0,train
1.3309582905135673,0.8157848509692094,1.0,train
0.1970685594366552,-0.10834477387647744,0.0,train
0.3891107035117469,1.2289813489610373,1.0,train
-0.4051610538437343,0.3783949283865073,0.0,train
-0.1422650497167002,0.055086311397401264,0.0,train
-0.026701574643281573,-0.14702268437861335,0.0,train
0.9158865836779899,0.3912319998208649,1.0,train
0.7515348534080394,-0.19962108957787447,0.0,train
0.19732741545042612,-0.0548375961230863,0.0,train
1.4918796352879404,1.8661143792614099,1.0,train
1.5999214061006721,1.7492278248213353,1.0,train
0.8008432609744263,-0.367783732433785,0.0,train
0.7322150149376757,-0.12851080601337367,0.0,train
1.3324410113513148,0.9476330365997447,1.0,train
0.5784344934981922,0.5492690981576657,1.0,train
-0.7376980203794193,0.029945143136121677,0.0,train
1.1692198114635635,0.7335050863910072,1.0,train
0.24315121438580514,-0.27258378094085384,0.0,train
0.5831328660748542,0.8910975326310377,1.0,train
-0.664267740943248,-0.1944343589059705,0.0,train
0.92649305803394,1.1091472101754802,1.0,train
0.7133408349256731,0.27812595502141335,1.0,train
-0.03682518780838095,-0.10867929366828451,0.0,train
0.1991733222669999,-0.6213612050000464,0.0,train
1.3110114489558051,1.1711811553262064,1.0,train
1.2471874436716164,0.06910433530824589,1.0,train
-0.39000763057796206,-0.7571514264670033,0.0,train
1.213611446394106,1.5964438941892753,1.0,train
0.6579593852416648,1.3791013064722153,1.0,train
-0.026075506216088812,-0.2112264329494603,0.0,train
0.5057638241228192,1.1298416525265955,1.0,train
-0.11555944517542167,0.39913311830879755,0.0,train
0.9053935512645576,0.45096807306534203,1.0,train
0.2166488542679961,0.569090022669536,0.0,train
-0.1278443424217814,0.1373712344599491,0.0,train
0.6791565820367444,1.3253490165477133,1.0,train
0.6102016647280208,0.020509993907507188,0.0,train
0.9410679804581601,1.623637815102934,1.0,train
1.1088870294056994,-0.9451762820062315,1.0,train
0.30842713916741077,0.17176336022161226,0.0,train
-0.7016773651309869,-0.02523414611493698,0.0,train
-0.7758545465150047,-0.16491904681777184,0.0,train
1.1489508973777012,0.077281197509112,1.0,train
1.616485381891079,1.0805764771118427,1.0,train
-0.2688595887314849,0.7049489904687349,0.0,train
0.9307089250245759,1.2907665631418466,1.0,train
0.6687065249991476,0.1925019836429599,0.0,test
-0.8257379876122273,-0.1420757063797075,0.0,test
1.160498091694079,1.163317584134092,1.0,test
0.7974335607687537,1.3393493475584286,1.0,test
-0.5459312348050184,0.4106866063165617,0.0,test
1.1624508084708238,1.1232716538283836,1.0,test
1.4267491203612506,0.4816068901692755,1.0,test
-0.545166326787113,0.31762998815278176,0.0,test
1.5188193270861226,0.8992484885982857,1.0,test
1.0116982094987046,1.295691531022581,1.0,test
1.3532189821338698,0.6153080827921156,1.0,test
-0.023307737560594958,0.17390840685071843,0.0,test
1.0026670706929086,1.6038727880034935,1.0,test
1.4255751565598003,1.3136146264506872,1.0,test
0.401475952914057,-0.0417085268020918,0.0,test
0.28459235257237947,1.224062523038956,1.0,test
1.300980724785085,0.9291398499115696,1.0,test
1.147613523095443,0.02805937315839948,0.0,test
0.9702974141518369,0.11154179838558087,1.0,test
0.7000824510580375,1.2074092915990742,1.0,test
-0.2231409357202424,0.0077765143728370355,0.0,test
0.37636177299848345,0.06701460198490293,0.0,test
0.9848796622524464,0.8209072934052121,1.0,test
0.4756986453584194,-0.3500956145854425,0.0,test
1.0071480122301015,0.6952942774862153,1.0,test
1.004936609300086,0.6033738804849438,1.0,test
-1.387705124604788,-0.3359568131730975,0.0,test
1.028966451445019,0.8401261965591891,1.0,test
-0.4429128369957258,0.765917550193922,0.0,test
-0.1727072168984575,0.04030211362230373,0.0,test
-0.24783943038626557,-0.2543511679899756,0.0,test
-0.27276604739148724,-0.19860935410643826,0.0,test
1.047028521070701,0.6739132635102332,1.0,test
1.0144796568773058,0.4213516736240398,1.0,test
1.359292615693813,0.3587467906563365,1.0,test
-0.4616304462218793,0.08012057190872077,0.0,test
-0.8294050379714851,0.6929495063303265,0.0,test
-0.594630297609687,0.3998110502846958,0.0,test
1.4385651595352138,0.7534587615974901,1.0,test
-0.032280521167646854,0.15572582214533312,0.0,test
0.669319590711906,0.6104527890596846,1.0,test
0.8893612663145662,0.6917393317258276,1.0,test
-0.5092062712999255,0.4347760383806764,0.0,test
-0.10455605167261464,-0.4036731630030706,0.0,test
-0.1787926833462575,0.06355613894947137,0.0,test
1.304316944335484,1.0359163238212854,1.0,test
0.3995601559106524,0.30234289225511757,1.0,test
0.9845674596007278,1.2176376668097109,1.0,test
1.0057096249137998,1.1161844671811196,1.0,test
0.9056321532827788,1.5370484601504013,1.0,test
0.05720355965226068,-0.09372831582335177,0.0,test
-0.7060195899202216,-0.24260269931301204,0.0,test
0.8784315317030293,0.8222303975520099,1.0,test
0.6129978771551348,1.3104197994824878,1.0,test
1.2649813074533136,1.0485854378101838,1.0,test
-0.4927925036003977,0.4853632635203182,0.0,test
1.2211638211492686,0.7623634390988656,1.0,test
1.0027531243980787,0.8678134780997626,1.0,test
-0.07059403838459655,0.23889976121129142,0.0,test
0.8643234033489248,1.3743727293285275,1.0,test
0.21438299313534995,-0.06871385834831796,0.0,test
1.0205467377508768,0.7743383440070662,1.0,test
0.4356932696308628,-0.18690839008666973,0.0,test
1.4397583131744198,1.6757896669252226,1.0,test
1.1703162816395551,0.9061378416280347,1.0,test
1.34501935610249,0.5088628242541797,1.0,test
0.6814522988364708,0.05313918887627061,0.0,test
0.9493168577254913,1.123685910985262,1.0,test
-0.6037898336704005,0.1899524471602737,0.0,test
0.8675198294698281,1.1099490325400763,1.0,test
-0.2684981457915717,-0.3560403253038695,0.0,test
0.20391181783980758,0.6602046452416686,0.0,test
0.5577081851334917,1.3240075879423916,1.0,test
1.0281628684067217,0.092699948282148,1.0,test
-0.3157808951377352,-0.22959812993999654,0.0,test
0.986749833207116,1.070889398261252,1.0,test
0.9615995761187873,0.35240528807418997,0.0,test
0.2681187765326537,-0.33186976147723296,0.0,test
-0.49180289802364285,0.1400973915448493,0.0,test
0.7853054199762336,1.355831347125108,1.0,test
0.3333850729092232,0.04710043471736258,0.0,test
0.40137407610061737,-0.05457198067853896,0.0,test
0.8674839202997636,2.3863738868048703,1.0,test
1.2757902776205357,0.3214257350616697,1.0,test
-0.3640710497349716,-0.10521994016698091,0.0,test
1.5564484050005265,0.5542366321428638,1.0,test
-0.7361988419704899,0.2514699585933226,0.0,test
0.5223945316785582,1.440123079629274,1.0,test
-0.023110297071919073,0.009864567836404967,0.0,test
0.32369172172728866,-0.15138955595604633,0.0,test
-0.5486694692452723,0.15975985261876077,0.0,test
0.10776689061556302,0.13897482815566697,0.0,test
-0.4685386540214603,0.4706290989258815,0.0,test
1.0116600721711646,2.0720669300855095,1.0,test
-0.04649367749044452,0.30774056348644996,0.0,test
1.0557791804138235,0.7051248933170691,1.0,test
0.5256985626851824,-0.5011377970440637,0.0,test
0.5353697973149937,-0.46362519997138424,0.0,test
0.437115989754135,0.034763845849954914,0.0,test
1.7799256846259262,0.36000660515138894,1.0,test
0.33409387985520406,0.2174595264608157,0.0,test
0.5891949820414016,1.1838607892970725,1.0,test
1.2308360100144606,1.6459790565484527,1.0,test
1.5927693097342015,1.2704269087092823,1.0,test
1.015702273654853,0.5961921210905718,1.0,test
0.5254882001598014,1.3035180702237315,1.0,test
1.6488566828740219,0.8168370347337452,1.0,test
0.47989510310176114,-0.03641356409122487,0.0,test
0.21381523753174672,0.08036434653606687,0.0,test
1.4646050268929574,0.9081474336007754,1.0,test
1.06871311749706,0.20195371090863587,0.0,test
0.837347380139545,1.1998563852276392,1.0,test
0.8857182146425431,0.9338269651856412,1.0,test
0.6148001957055959,-0.4878507346167239,0.0,test
-0.48814914135377885,0.11666547142405216,0.0,test
0.7081313553238219,0.06320435914307382,0.0,test
1.2942687393844245,0.6530383477470292,1.0,test
1.3624949247804423,1.5203928060663836,1.0,test
-0.498915910039356,0.2786449622471706,0.0,test
0.78663086552298,1.0030975763880003,1.0,test
0.8014556327914565,0.494587905133243,1.0,test
-0.39908853046522585,0.38350565120388563,0.0,test
-0.4951601516379599,-0.05634470377096751,0.0,test
1.2150476454536596,0.6856919825126111,1.0,test
0.11556487141013012,-0.33103043729370074,0.0,test
0.9714014548839339,1.5024501383383218,1.0,test
0.2607380459637921,-0.19107795573131664,0.0,test
-0.34331687497573443,0.25871981113627424,0.0,test
-0.30911997200915287,0.25608216879111645,0.0,test
-1.0507971435589087,0.19388218997123915,0.0,test
0.7537060029451798,1.0711471059599746,1.0,test
0.42447965162299783,0.6756964763721087,1.0,test
0.8464766078448425,0.6580439184203051,1.0,test
1.1780615080353056,0.4085187616738576,1.0,test
0.06650300012305756,0.5692816941314135,0.0,test
0.8074597307756557,1.1786226616039677,1.0,test
0.6635028679797121,0.9535383771135093,1.0,test
-0.8082351283689273,-0.08505074999905045,0.0,test
0.45556970440184724,0.20557211156913305,0.0,test
0.9145184721227987,1.252459389097189,1.0,test
0.48827106292645833,0.14943101230315373,0.0,test
-0.5070523170187865,0.06849103151777529,0.0,test
0.0020142919859719053,-0.49951311039340457,0.0,test
0.8524200738304321,0.9967481678474653,1.0,test
1.1380293926569536,1.394978738703312,1.0,test
0.7629338393475867,1.3364755682526428,1.0,test
-0.6389883337897925,0.1058037467812636,0.0,test
0.9070133732778387,0.984163289841374,1.0,test
-0.22557499849900875,0.26231275454759945,0.0,test
0.38613122333704897,0.08752817901757472,0.0,test
-0.2621905246326919,-0.23782604079052042,0.0,test
-0.6088748593514087,0.11433630927780178,0.0,test
1.570559227906842,1.050558368729328,1.0,test
0.6761631596985616,0.9695290859643333,1.0,test
0.2129382631554808,0.6049798263944254,0.0,test
-0.47009761911553005,0.323005186542033,0.0,test
1.3002051738703395,1.1596103077317466,1.0,test
-0.2096423604008252,-0.0170967912157858,0.0,test
0.1627372774863237,0.10355548407533495,0.0,test
-0.1865331731652386,-0.39013548542700455,0.0,test
1.1339839496932709,0.9836396994852438,1.0,test
0.4485123608830479,0.14454450288587548,0.0,test
0.36620779278575666,-0.42171474486615407,0.0,test
0.023906283646614148,-0.26819033933864395,0.0,test
1.3108172676733496,-0.12481332791217706,0.0,test
0.10817707873293878,-0.17045535550116517,0.0,test
0.8273347190869529,0.8426324121328784,1.0,test
0.3434879652414907,-0.06839866257471323,0.0,test
0.25572873280711356,-0.1953479945775201,0.0,test
0.09386086684335372,-0.16503372341602016,0.0,test
0.10744299085169383,-0.04399730944745279,0.0,test
-0.7625879868063679,0.8719576065820874,0.0,test
0.5711032387081891,-0.22822157915641572,1.0,test
-0.044574309271985475,-0.36376266003129437,0.0,test
0.16846151331738843,0.021441626358413512,0.0,test
0.2815291553288104,0.22228365686947116,1.0,test
0.5168348725986245,2.026165769765962,1.0,test
1.1134263419142012,1.3529597843324224,1.0,test
0.14218312355383136,-0.03447007409248925,0.0,test
0.8272943619530537,0.7866568430876323,1.0,test
1.2650936495302463,1.0772319918286295,1.0,test
-0.5925552564019224,-0.17594987683095045,0.0,test
0.0741159285545537,0.04226473827369293,0.0,test
-0.5313943674647311,0.15231828082546503,0.0,test
0.0647608041018933,0.015350532494665104,0.0,test
1.3791624232616126,1.1819805182311787,1.0,test
0.989510903827262,0.7180808863209955,1.0,test
0.753428803533247,1.4138882883887551,1.0,test
0.9131740707857818,1.201961138562823,1.0,test
-0.1422004460294585,0.34124274271103144,0.0,test
-0.402152461085064,-0.1326875589144373,0.0,test
0.5063348162840438,1.2036058330299229,1.0,test
0.5024096464558376,0.1413941804770088,0.0,test
1.1356438154502528,1.4657394957121024,1.0,test
-0.49194316625616175,-0.02986221829285978,0.0,test
1.099142421135167,1.0458471406586036,1.0,test
0.7546788607838879,0.8189588501218827,1.0,test
1.413997428486391,1.6367133472282998,1.0,test
0.04128086437355052,-0.0453596001494092,0.0,test
0.6871015591691711,-0.3384426666411857,1.0,test
